{
  "task": "multiclass_classifier",
  "backbone": "akidanet_alpha0.5",
  "label_map": {
    "0": "canid",
    "1": "felid",
    "2": "deer",
    "3": "rabbit",
    "4": "raccoon",
    "5": "bird",
    "6": "opossum",
    "7": "small_mammal"
  },
  "num_classes": 8,
  "threshold": null,
  "train_csv": "/home/daniel/Documents/datasets/classifier_processed/train.csv",
  "val_csv": "/home/daniel/Documents/datasets/classifier_processed/val.csv",
  "train_size": 71518,
  "val_size": 37177,
  "train_class_counts": {
    "0": 14939,
    "3": 10474,
    "6": 9979,
    "2": 8211,
    "1": 7875,
    "7": 7332,
    "5": 7320,
    "4": 5388
  },
  "val_class_counts": {
    "0": 8174,
    "6": 6654,
    "4": 5593,
    "1": 5414,
    "2": 3980,
    "7": 3317,
    "5": 2201,
    "3": 1844
  },
  "class_weights": {
    "0": 0.598416895374523,
    "1": 1.135206349206349,
    "2": 1.0887528924613323,
    "3": 0.8535182356310865,
    "4": 1.6591963622865626,
    "5": 1.2212773224043716,
    "6": 0.8958562982262752,
    "7": 1.2192785051827606
  },
  "metrics_val": {
    "loss": 1.9103076457977295,
    "acc": 0.34534794092178345
  },
  "confusion_matrix_val": [
    [
      3166,
      221,
      1385,
      987,
      414,
      805,
      517,
      679
    ],
    [
      694,
      295,
      287,
      993,
      825,
      419,
      939,
      962
    ],
    [
      431,
      33,
      2286,
      318,
      114,
      654,
      11,
      133
    ],
    [
      138,
      23,
      117,
      430,
      61,
      458,
      255,
      362
    ],
    [
      769,
      237,
      27,
      759,
      1422,
      81,
      1935,
      363
    ],
    [
      152,
      198,
      101,
      542,
      21,
      943,
      10,
      234
    ],
    [
      148,
      124,
      15,
      1305,
      1939,
      44,
      2802,
      277
    ],
    [
      179,
      108,
      59,
      521,
      281,
      411,
      263,
      1495
    ]
  ],
  "config": {
    "data_dir": "/home/daniel/Documents/datasets/classifier_processed",
    "out_dir": "/home/daniel/Documents/Model_Out/classifier_v1",
    "img_size": 224,
    "batch_size": 64,
    "alpha": 0.5,
    "use_pretrained": true,
    "epochs_head": 20,
    "epochs_finetune": 30,
    "finetune": true,
    "finetune_unfreeze_layers": 40,
    "lr_head": 0.001,
    "lr_finetune": 1e-05,
    "dropout": 0.2,
    "seed": 1337,
    "shuffle_buffer": 20000,
    "patience": 5,
    "patience_finetune": 6,
    "use_class_weights": true,
    "use_augmentation": true,
    "aug_random_crop": true,
    "aug_crop_scale": 1.4,
    "aug_flip_lr": true,
    "aug_brightness": true,
    "aug_brightness_max_delta": 30.0,
    "aug_contrast": true,
    "aug_contrast_lower": 0.85,
    "aug_contrast_upper": 1.15,
    "aug_noise": true,
    "aug_noise_std": 5.0,
    "aug_jpeg_quality": true,
    "aug_jpeg_quality_min": 40,
    "aug_jpeg_quality_max": 95,
    "aug_grayscale": true,
    "aug_grayscale_prob": 0.25,
    "aug_motion_blur": true,
    "aug_motion_blur_max_kernel": 7,
    "aug_random_erase": true,
    "aug_erase_min_frac": 0.05,
    "aug_erase_max_frac": 0.2,
    "rep_batches": 50,
    "threshold": 0.5,
    "do_convert_to_akida": true,
    "num_calibration_images": 256
  },
  "outputs": {
    "keras_model": "/home/daniel/Documents/Model_Out/classifier_v1/model.keras",
    "savedmodel_dir": "/home/daniel/Documents/Model_Out/classifier_v1/savedmodel",
    "tflite_float32": "/home/daniel/Documents/Model_Out/classifier_v1/model_float32.tflite",
    "tflite_full_int8": "/home/daniel/Documents/Model_Out/classifier_v1/model_full_int8.tflite",
    "akida_fbz": "/home/daniel/Documents/Model_Out/classifier_v1/model_akida.fbz"
  }
}